{
    "datos_de_la_factura_electronica":{

        "version_del_ubl":"v20",
        "version_de_la_estructura_del_documento":"v20",
        "numeracion_conformada_por_serie_y_numero_correlativo":"F001-1",
        "fecha_de_emision":"2018-08-23",
        "hora_de_emision":"11:11:11",
        "tipo_de_documento":"01",
        "tipo_de_moneda_en_la_cual_se_emite_la_factura_electronica":"PEN",
        "fecha_de_vencimiento":"2018-08-24",
        "firma_digital":"firma d"
    },

    "datos_del_emisor":{

        "numero_de_ruc":{
            "numero_ruc":"20501973522",
            "tipo_de_documento":"6"
        },

        "nombre_comercial":"PCR",
        "apellidos_y_nombres_denominacion_o_razon_social":"Peru c"

    },

    "datos_adicionales_lugar_en_el_que_se_entrega_el_bien_o_se_presta_el_servicio":{

        "direccion_del_lugar_en_el_que_se_entrega_el_bien":{

            "codigo_de_ubigeo":"150101",
            "direccion_completa_y_detallada":"Av lima 295",
            "urbanizacion":"ficus",
            "provincia":"LIMA",
            "departamento":"LIMA",
            "distrito":"LIMA",
            "codigo_de_pais":"PE"
        },

        "codigo_del_domicilio_fiscal_o_de_local_anexo_del_emisor":"0001"
    },


    "datos_del_cliente_o_receptor":{

        "tipo_y_numero_de_documento_de_identidad_del_adquirente_o_usuario":{

            "numero_de_documento":"10417844358",
            "tipo_de_documento":"6"
        },

        "apellidos_y_nombres_denominacion_o_razon_social_del_adquirente_o_usuario":"Pancho"
    },

    "guia_de_remision_relacionada_con_la_operacion_que_se_factura":[
        {
            "numero_de_guia":"0001-002020",
            "tipo_de_documento":"09"
        }
    ],


    "informacion_adicional_gastos_art_37_renta___numero_de_placa_del_vehiculo":"B1F-945",

    "items":[

        {
            "datos_del_detalle_o_item":{

                    "numero_de_orden_del_item":"1",
                    "unidad_de_medida_por_item":"CS",
                    "cantidad_de_unidades_por_item":"1",
                    "codigo_de_producto":"Cap-258963",
                    "codigo_producto_de_sunat":"51121703"
            },

            "informacion_adicional_gastos_art_37_renta":{

                "descripcion_detallada_del_servicio_prestado_bien_vendido_o_cedido_en_uso_indicando_las_caracteristicas":"Inca Kola 250 ml",
                "valor_unitario_por_item":"100",
                "precio_de_venta_unitario_por_item_y_codigo":{

                    "monto_de_precio_de_venta":"118",
                    "codigo_de_tipo_de_precio":"01"
                },

                "valor_referencial_unitario_por_item_en_operaciones_no_onerosas_y_codigo":{

                    "monto_de_valor_referencial_unitario":"0",
                    "codigo_de_tipo_de_precio":"02"
                },

                "afectacion_al_igv_por_item":{

                    "monto_de_igv_de_la_linea_amount":"18",
                    "monto_de_igv_de_la_linea_subtotal":"",
                    "afectacion_al_igv":"10",
                    "codigo_de_tributo":"1000",
                    "nombre_de_tributo":"IGV",
                    "codigo_internacional_tributo":"VAT"
                },

                "sistema_de_isc_por_item":{

                    "monto_de_isc_de_la_linea_amount":"0",
                    "monto_de_isc_de_la_linea_subtotal":"0",
                    "tipo_de_sistema_de_isc":"02",
                    "codigo_de_tributo":"2000",
                    "nombre_de_tributo":"ISC",
                    "codigo_internacional_tributo":"EXC"

                },
                "valor_de_venta_por_item":"100",

                "descuentos_por_item":{

                    "indicador_de_descuento":"true",
                    "monto_del_descuento":"0"
                }
            },

            "informacion_adicional_a_nivel_de_item_gastos_intereses_hipotecarios_primera_vivienda":{

                "nro_de_contrato":"201205170008",
                "fecha_de_otorgamiento_del_credito":"2017-05-17"
            },

            "datos_adicionales_transporte_terrestre_de_pasajeros":{

                "numero_de_asiento":{
                    "numero_asiento":"1",
                    "informacion_de_manifiesto_de_pasajero":""

                },
                "documento_de_identidad_del_pasajero":{
                    "numero_de_documento_de_identidad_del_pasajero":"12345678",
                    "codigo_de_tipo_de_documento":"1"
                },
                "nombres_y_apellidos_del_pasajero":"Jose M",
                "ciudad_o_lugar_de_destino":"010102",
                "ciudad_o_lugar_de_origen":"010104",
                "fecha_de_inicio_programado":"2018-10-10",
                "hora_de_inicio_programado":"11:10:10"
            }


        }
    ],

    "totales":{

        "total_valor_de_venta_exportacion":{
            "codigo_de_tipo_de_monto":"",
            "monto":"10"
        },

        "total_valor_de_venta_operaciones_gravadas":{
            "codigo_de_tipo_de_monto":"1001",
            "monto":"100"
        },

        "total_valor_de_venta_operaciones_inafectas":{
            "codigo_de_tipo_de_monto":"1002",
            "monto":"0"
        },

        "total_valor_de_venta_operaciones_exoneradas":{
            "codigo_de_tipo_de_monto":"1003",
            "monto":"0"
        },

        "total_valor_de_venta_operaciones_gratuitas":{
            "codigo_del_tipo_de_elemento":"1004",
            "total_valor_venta_operaciones_gratuitas":"0"
        },

        "total_descuentos":{
            "codigo_de_tipo_de_monto":"2005",
            "monto":"0"
        },

        "sumatoria_igv":{
            "sumatoria_igv_amount":"18",
            "sumatoria_igv_subtotal":"0",
            "codigo_de_tributo":"1000",
            "nombre_de_tributo":"IGV",
            "codigo_internacional_tributo":"VAT"
        },

        "sumatoria_isc":{
            "sumatoria_isc_amount":"0",
            "sumatoria_isc_subtotal":"",
            "codigo_de_tributo":"2000",
            "nombre_de_tributo":"ISC",
            "codigo_internacional_tributo":"EXC"
        },

        "sumatoria_otros_tributos":{
            "sumatoria_otros_tributos_amount":"0",
            "sumatoria_otros_tributos_subtotal":"0",
            "codigo_de_tributo":"9999",
            "nombre_de_tributo":"OTROS",
            "codigo_internacional_tributo":"OTH"
        },

        "descuentos_globales":"0",

        "sumatoria_otros_cargos":"0",

        "importe_total_de_la_venta_cesion_en_uso_o_del_servicio_prestado":"118"

    },


    "informacion_adicional_percepciones":{

        "importe_de_la_percepcion_en_moneda_nacional":{

            "codigo_de_tipo_de_monto":"2001",
            "codigo_de_regimen_de_percepcion":"",
            "base_imponible_percepcion":"0",
            "monto_de_la_percepcion":"0",
            "monto_total_incluido_la_percepcion":"0"
        }
    },

    "informacion_adicional_anticipos":{

        "informacion_prepagado_o_anticipado":{

            "serie_y_numero_de_documento_que_se_realizo_el_anticipo":"1231-1",
            "tipo_de_comprobante_que_se_realizo_el_anticipo":"",
            "monto_y_moneda_anticipado":"",
            "numero_de_documento_del_emisor_del_anticipo":"",
            "tipo_de_documento_del_emisor_del_anticipo":""
        },
        "total_anticipos":"0"
    },

    "informacion_adicional":{

        "codigo_interno_generado_por_el_software_de_facturacion":"05010020170428000005",
        "tipo_de_operacion":"01",
        "leyendas":[]
    },


    "informacion_adicional_factura_guia":{

        "informacion_de_referencia_del_traslado_fg_transportista":{
            "numero_de_documento":"0001-002020",
            "01_factura_y_09_guia_de_remision":"09",
            "emisor_del_documento_de_referencia":"",
            "apellidos_y_nombres_o_razon_social_del_emisor":"Peru c"
        },

        "datos_del_destinatario":{
            "numero_de_documento_de_identidad":"20501963255",
            "codigo_de_tipo_de_documento":"6",
            "apellidos_y_nombres_o_razon_social":"Cliente sac"

        },

        "sujeto_que_realiza_el_traslado_para_fg_remitente":"02",

        "peso_bruto_total_de_la_factura":{

            "medida_de_peso_bruto":"",
            "codigo_de_unidad_medida_de_peso_bruto":"KG"
        },

        "modalidad_de_transporte_fg_remitente":"02",

        "fecha_de_inicio_del_traslado_o_fecha_de_entrega_de_bienes_al_transportista":"2018-10-11",

        "datos_del_transportista_fg_remitente_o_transportista_contratante_fg_transportista":{

            "numero_de_documento_de_identidad":"20501973632",
            "codigo_de_tipo_de_documento":"6",
            "apellidos_y_nombres_o_razon_social":"Peruc ",
            "registro_del_mtc":""

        },

        "vehiculo_principal":"A7Q-956",

        "vehiculos_secundarios":"A8Q-102",

        "datos_de_conductores":{
            "numero_de_documento_de_identidad":"10230566",
            "codigo_de_tipo_de_documento":"1"
        },

        "direccion_punto_de_llegada":{
            "codigo_ubigeo":"150101",
            "direccion_completa_y_detallada":"Piura"

        },

        "direccion_punto_de_partida":{
            "codigo_ubigeo":"150101",
            "direccion_completa_y_detallada":"Lima"
        },

        "indicador_de_subcontratacion_en_caso_de_factura_guia_transportista":false

    },






    "extras":{

        "web":"http://www.miweb.com",
        "logo":"dfsbhsshbdvhbhsdb vsdh",
        "cpe":"http://demo.fact.com/search",
        "nombre_establecimiento_emisor":"Oficina Principal",
        "direccion_establecimiento_emisor":"Av. 2do. Mayo",
        "telefono_emisor":"4256369",
        "email_emisor":"email@gmail.com",

        "nombre_comercial_cliente":"Comercial Ypo",
        "direccion_cliente":"Av 20 de junio",
        "ubigeo_cliente":"150101",
        "nombre_locacion":"LIMA-LIMA",
        "telefono_cliente":"4256322",
        "email_cliente":"emclien@gmail.com",

        "orden_de_compra":"",
        "condicion_de_pago":"Cancelado"

    }



}

